id,first_name,last_name,gender
p815,Robert,Martinez,male
p379,Jim,Hill,male
p934,Chad,Ramirez,male
p42,Ryan,Krueger,male
p704,Joshua,Floyd,male
p512,Jonathan,Benson,male
p824,Benjamin,Garza,male
p61,Kirk,Chan,male
p56,James,Ramirez,male
p835,Jason,Woodward,male
p717,Daniel,Snyder,male
p28,David,Wilson,male
p433,Brian,Mercado,male
p453,Brian,Bishop,male
p312,Ronald,Gates,male
p23,Mark,Hunter,male
p569,Daniel,Mora,male
p491,Garrett,Maldonado,male
p723,Garrett,Watson,male
p644,Christopher,George,male
p182,Michael,Brady,male
p204,Thomas,Ward,male
p215,John,Nelson,male
p406,Lucas,Holland,male
p342,Taylor,May,male
p456,Michael,Hart,male
p667,Robert,Gibson,male
p200,Geoffrey,Moreno,male
p252,Daniel,Jensen,male
p603,Jason,Cox,male
p561,Kenneth,Townsend,male
p209,David,Adams,male
p299,David,Hoover,male
p250,Robert,Nash,male
p874,Steven,Mclaughlin,male
p444,Dustin,Gonzales,male
p119,Howard,Kennedy,male
p789,Dylan,Turner,male
p765,John,Brown,male
p879,Donald,Palmer,male
p302,Michael,Watson,male
p377,Andrew,Patel,male
p224,James,George,male
p827,Edward,Miller,male
p611,Anthony,Zuniga,male
p278,Vincent,Jackson,male
p336,Robert,Benson,male
p627,Michael,Johnson,male
p745,Paul,Ortiz,male
p334,Steven,Baker,male
p602,Kyle,Patel,male
p743,Mark,Taylor,male
p674,Larry,Deleon,male
p288,Frank,Hanson,male
p315,Samuel,Byrd,male
p908,Robert,Gonzales,male
p513,John,Roth,male
p77,Joseph,Bell,male
p235,David,Garcia,male
p798,Shawn,Campbell,male
p617,Mark,Orozco,male
p786,Samuel,King,male
p452,Stanley,Allen,male
p877,Wesley,Beck,male
p86,Henry,Bradley,male
p862,Michael,Molina,male
p724,Kenneth,Turner,male
p441,Thomas,Haley,male
p875,James,Sanchez,male
p916,Jeffrey,Rodriguez,male
p826,Ryan,Porter,male
p678,Robert,Roberts,male
p201,Brian,Leonard,male
p31,Joseph,Rivera,male
p938,Dominic,Campbell,male
p18,Timothy,Martinez,male
p608,Kenneth,Sullivan,male
p35,Gregory,White,male
p747,William,Merritt,male
p635,Michael,Kent,male
p903,Tommy,Kerr,male
p859,Curtis,Jacobson,male
p688,Gregory,Diaz,male
p520,Troy,Rios,male
p175,Jonathan,Hudson,male
p25,Steven,Mueller,male
p93,Todd,Stout,male
p3,Logan,Gonzales,male
p791,Antonio,Gates,male
p58,Richard,Erickson,male
p352,Jamie,Wiley,male
p438,Christopher,Henry,male
p369,Jason,Bowers,male
p503,Eduardo,Shah,male
p5,Tony,Morgan,male
p931,Ruben,Ramirez,male
p246,Andrew,Mayer,male
p864,Jamie,Wilson,male
p869,Vincent,Berry,male
p101,Andrew,Simmons,male
p63,Maurice,Pineda,male
p920,Scott,Powell,male
p322,Gregory,Byrd,male
p738,Joseph,Soto,male
p43,Geoffrey,Hatfield,male
p878,David,Gates,male
p727,Jeffrey,Harris,male
p132,Christopher,Lowery,male
p794,John,Gonzales,male
p391,Daniel,Baker,male
p623,Louis,Smith,male
p396,Brian,Hurst,male
p572,Rodney,Bautista,male
p913,Scott,Frey,male
p545,Andrew,Bond,male
p115,Joseph,Graham,male
p522,Michael,Ortiz,male
p911,Austin,Sandoval,male
p661,Wayne,Larson,male
p832,Alejandro,Riley,male
p170,Patrick,Hall,male
p664,Mathew,Murphy,male
p141,Jordan,Edwards,male
p844,Ian,Willis,male
p540,Marc,Downs,male
p787,Justin,Smith,male
p116,Richard,Moore,male
p496,Nicholas,Lopez,male
p47,James,Ray,male
p839,Christopher,Robinson,male
p131,Jacob,Wright,male
p554,Kyle,Brown,male
p741,Michael,Gross,male
p319,Charles,Sims,male
p370,Xavier,Carney,male
p421,Dustin,Calhoun,male
p483,Kurt,Lee,male
p222,Russell,Hall,male
p245,Eric,Howell,male
p367,Jonathan,Torres,male
p293,Charles,Brooks,male
p55,Jeremiah,Bruce,male
p162,Jared,Huang,male
p633,Benjamin,Allen,male
p477,Stephen,Hall,male
p676,William,Alvarez,male
p854,Brandon,Hudson,male
p891,Michael,Morgan,male
p340,Robert,Mason,male
p99,Phillip,Garcia,male
p650,William,Johnson,male
p38,Joshua,Hill,male
p207,Tyler,Smith,male
p289,Andrew,Johnson,male
p248,Brian,Watson,male
p348,Christopher,Harrison,male
p142,Brian,Oliver,male
p662,Billy,Meyers,male
p296,Gary,Nelson,male
p570,Dennis,Webb,male
p532,Brian,Wilson,male
p944,Ryan,Palmer,male
p858,Luke,Taylor,male
p510,Darren,Pennington,male
p416,John,Walker,male
p549,Marc,Johnson,male
p780,Jackson,Blanchard,male
p305,Eric,Murray,male
p435,Steven,Reynolds,male
p648,George,Richardson,male
p324,Jeffrey,Johnson,male
p593,Roger,Bray,male
p942,John,Campbell,male
p265,Bryan,Riley,male
p692,Paul,Rodriguez,male
p853,Ryan,Simpson,male
p700,Ryan,Foster,male
p191,Michael,Zavala,male
p349,Craig,White,male
p203,Levi,Valenzuela,male
p699,Douglas,Nelson,male
p739,Justin,Contreras,male
p558,Robert,Nguyen,male
p34,Luis,Lopez,male
p107,Brian,Hood,male
p344,Shawn,Cooper,male
p803,Philip,Smith,male
p427,Dean,Hall,male
p144,Aaron,Johnson,male
p712,Johnny,Buck,male
p85,Jeremy,Wright,male
p892,James,Williams,male
p901,Stephen,Wu,male
p581,Christopher,Turner,male
p316,Daniel,Mitchell,male
p255,Ronald,Burnett,male
p128,Charles,Hill,male
p774,Austin,Brown,male
p613,Sean,Tate,male
p666,David,Gonzalez,male
p130,Travis,Strong,male
p282,Richard,Coleman,male
p415,Tyler,Brown,male
p737,Scott,Wilson,male
p157,James,White,male
p412,John,Stevenson,male
p856,Steven,Duke,male
p125,Jeffrey,Hickman,male
p847,Kyle,Henry,male
p542,Brandon,Wilson,male
p117,Francisco,Moore,male
p779,Brian,Lin,male
p694,Adam,Ward,male
p764,Jason,Moore,male
p746,Keith,Preston,male
p767,James,Castro,male
p318,Johnathan,Brown,male
p259,Michael,Carter,male
p330,Michael,Byrd,male
p393,Aaron,Knight,male
p60,David,Cordova,male
p262,Troy,Peterson,male
p221,Michael,Lewis,male
p943,Eric,Suarez,male
p14,Marcus,Jenkins,male
p160,Michael,Andrade,male
p328,Todd,Jackson,male
p762,Timothy,Harris,male
p388,Steven,Lucas,male
p97,Tyler,Gray,male
p176,Francisco,Andersen,male
p387,David,Dean,male
p277,Edward,Rice,male
p154,Richard,Wagner,male
p84,Anthony,Knight,male
p582,Michael,Howard,male
p502,Jeffrey,Spencer,male
p748,Steven,James,male
p790,Timothy,Hansen,male
p6,Eric,Walls,male
p394,Ryan,Grant,male
p812,James,Grant,male
p571,Christopher,Barber,male
p429,James,Terrell,male
p576,Gregory,Mullins,male
p721,Bruce,Jenkins,male
p792,Richard,Rodriguez,male
p251,Dennis,Sparks,male
p669,Michael,Newman,male
p805,Jacob,Santiago,male
p740,Mason,Carpenter,male
p640,Thomas,Watson,male
p96,Robert,Robertson,male
p649,George,Nelson,male
p399,Gabriel,Scott,male
p616,Scott,Nichols,male
p663,Seth,Kelley,male
p449,Michael,Delacruz,male
p631,Scott,Hernandez,male
p92,William,Deleon,male
p218,Victor,Potter,male
p308,Ethan,Price,male
p403,Robert,Diaz,male
p363,Ryan,Hernandez,male
p806,Steven,Allen,male
p411,Jeffrey,Allen,male
p104,Michael,Martinez,male
p819,Jonathan,Norman,male
p883,Jeffrey,Mcdonald,male
p543,Duane,Marsh,male
p923,Gregory,Woods,male
p331,Adrian,Stein,male
p488,Luis,Jimenez,male
p327,Richard,Huynh,male
p708,Colin,Norman,male
p24,Roberto,Richardson,male
p155,Christopher,Sharp,male
p87,Henry,Hernandez,male
p821,Eddie,Roberts,male
p682,Anthony,Eaton,male
p366,Raymond,Baxter,male
p242,Charles,Rogers,male
p172,Cole,Hood,male
p825,Douglas,Stokes,male
p849,Ryan,Mckenzie,male
p306,David,Gray,male
p811,John,Gutierrez,male
p291,Austin,Hicks,male
p501,Jose,Jones,male
p882,Charles,Ward,male
p658,James,Bauer,male
p184,Jose,Patrick,male
p332,Austin,Graves,male
p937,John,Sloan,male
p304,Gregory,Young,male
p186,Nicholas,Austin,male
p447,Kenneth,Long,male
p671,Michael,Barton,male
p796,John,Morris,male
p719,Scott,Levine,male
p500,Timothy,Bruce,male
p49,Hayden,Butler,male
p782,Nathaniel,Haynes,male
p408,Michael,Sanders,male
p519,Matthew,Richardson,male
p381,Steven,Davis,male
p907,Ronald,Wilson,male
p54,Peter,Silva,male
p930,Matthew,Barrera,male
p568,Paul,Bradley,male
p679,Eric,Chan,male
p283,Nathan,Levine,male
p867,Robert,Smith,male
p797,Timothy,Clay,male
p763,Zachary,Wright,male
p461,Richard,Fuentes,male
p347,Paul,Campbell,male
p355,Curtis,Burns,male
p311,Matthew,Massey,male
p13,Paul,Moran,male
p320,Scott,Krueger,male
p822,Jeff,Sullivan,male
p868,Michael,Sanford,male
p127,Troy,Rodriguez,male
p140,Michael,Ramirez,male
p67,Tyler,Lee,male
p100,Timothy,Neal,male
p619,Patrick,Friedman,male
p872,Raymond,Sanchez,male
p159,Brett,Moore,male
p948,Andrew,Rivera,male
p535,Shaun,Swanson,male
p585,Adam,Douglas,male
p592,Justin,Benitez,male
p598,Alexander,Brennan,male
p702,Wesley,Robertson,male
p195,Gavin,Russell,male
p823,Gary,Gray,male
p368,David,Harris,male
p632,Ronnie,Osborne,male
p752,Luke,Peterson,male
p395,Jonathan,Lin,male
p768,Jared,Fuentes,male
p820,Jose,Clark,male
p936,Ronald,Glenn,male
p552,Joshua,Bradley,male
p801,Jonathan,Barr,male
p64,Jeremy,Bishop,male
p733,Bobby,Guerra,male
p217,Michael,Beard,male
p103,Eric,Preston,male
p120,Steven,Elliott,male
p150,Michael,Nelson,male
p606,Dennis,Willis,male
p575,Robert,Romero,male
p383,Eric,Kelly,male
p392,Brian,Garcia,male
p272,Steven,Douglas,male
p587,Dalton,Turner,male
p129,Stephen,Hernandez,male
p314,Jeffrey,Brown,male
p253,Kenneth,Lowery,male
p448,Kevin,Bell,male
p75,Joseph,Hood,male
p894,Jacob,Ashley,male
p601,Corey,Brown,male
p732,Anthony,Douglas,male
p266,Joshua,Figueroa,male
p559,Lee,Lloyd,male
p927,Donald,Stevens,male
p703,Marcus,Chapman,male
p227,Matthew,Hinton,male
p687,Carlos,Hudson,male
p949,Marc,Moore,male
p33,Bryce,Cook,male
p566,Sean,Anderson,male
p310,Allen,Woods,male
p139,Brian,Rodriguez,male
p890,Troy,Castillo,male
p504,James,Jones,male
p478,Kenneth,Garcia,male
p495,Michael,Pittman,male
p333,Derek,Fernandez,male
p880,Manuel,Torres,male
p357,Jose,Peterson,male
p226,Kevin,Ward,male
p537,Matthew,Werner,male
p276,Matthew,Scott,male
p758,Brandon,Jones,male
p21,Andrew,White,male
p216,William,Freeman,male
p148,Mark,Vaughn,male
p69,William,Gonzales,male
p174,Daniel,Garcia,male
p422,Garrett,Bishop,male
p600,Bradley,Martinez,male
p518,Shawn,Martin,male
p756,Samuel,Lester,male
p106,Donald,May,male
p256,Joshua,Sawyer,male
p9,Keith,Harvey,male
p2,Michael,Bryant,male
p848,Brendan,Brewer,male
p940,Micheal,Martinez,male
p473,Nicholas,Brown,male
p79,Tyler,Thomas,male
p287,Kyle,Ross,male
p1,Kristopher,Lawrence,male
p932,Joshua,Gutierrez,male
p423,Patrick,Hebert,male
p365,Mark,Holland,male
p548,Joseph,Gamble,male
p565,Joshua,Moyer,male
p885,Christopher,Smith,male
p71,Michael,Clark,male
p353,Ian,Carter,male
p41,Miguel,Lopez,male
p480,Jesse,Garcia,male
p772,Kyle,Olsen,male
p492,John,Smith,male
p419,Darrell,Burke,male
p72,Todd,Martin,male
p437,Jeffrey,Flores,male
p837,Terry,Robertson,male
p528,Henry,Spears,male
p458,Mathew,Jackson,male
p410,Russell,Murphy,male
p36,Jorge,Brooks,male
p668,Andrew,Peters,male
p220,Jason,Grant,male
p516,Richard,Alvarez,male
p706,Cody,Bell,male
p136,Cole,Martinez,male
p78,Scott,Williams,male
p766,Timothy,Cortez,male
p434,David,Martinez,male
p578,Randy,Martin,male
p595,John,Stevens,male
p124,Nicholas,Wong,male
p607,Matthew,Vazquez,male
p108,Antonio,Rowe,male
p773,Karl,Garcia,male
p810,Dakota,Camacho,male
p460,Jonathan,Stokes,male
p896,Gary,Washington,male
p268,Seth,Crawford,male
p900,Jeffrey,Smith,male
p198,Jeffrey,Hubbard,male
p258,Francisco,Blackwell,male
p188,Isaiah,Landry,male
p509,George,Phelps,male
p385,Hunter,Jones,male
p895,Jeffrey,Nelson,male
p281,Luke,Alvarez,male
p166,David,Edwards,male
p205,Timothy,Irwin,male
p450,Kenneth,Huffman,male
p380,Jeremiah,Pena,male
p474,Marc,Johnson,male
p425,Gregory,Smith,male
p947,John,Jones,male
p754,Jeremiah,Washington,male
p526,Samuel,Key,male
p73,Paul,Edwards,male
p338,Albert,Santos,male
p26,James,King,male
p111,Robert,Wade,male
p254,William,Fowler,male
p586,Matthew,Lawrence,male
p770,Robert,Martin,male
p183,Eric,Chapman,male
p553,Collin,Gilmore,male
p4,Anthony,Hernandez,male
p260,James,Stone,male
p156,Kenneth,Duncan,male
p686,Jamie,Perkins,male
p757,Daniel,Brown,male
p665,Jeffrey,Chaney,male
p48,Michael,Moody,male
p405,Michael,Hancock,male
p80,Thomas,Davis,male
p51,James,Joseph,male
p95,Matthew,Vega,male
p802,William,Brown,male
p497,Samuel,Davis,male
p16,Bradley,Lyons,male
p230,Derek,Bailey,male
p697,James,Sullivan,male
p161,Michael,Douglas,male
p655,Jordan,Craig,male
p784,Jesus,Lee,male
p158,Michael,Mendoza,male
p725,Micheal,Rios,male
p192,Michael,Miller,male
p838,Victor,Hughes,male
p793,Elijah,Martin,male
p736,Anthony,Evans,male
p530,Chad,Nicholson,male
p372,Jeffery,Clark,male
p629,Michael,Rios,male
p818,Melissa,Cervantes,female
p744,Sarah,Taylor,female
p90,Kimberly,Ingram,female
p852,Ashley,Morris,female
p273,Kathy,Smith,female
p15,Jessica,Evans,female
p471,Alicia,Sutton,female
p211,Bailey,Morris,female
p431,Sheila,Johnson,female
p845,Emily,Cain,female
p275,Sarah,Gonzales,female
p476,Rebecca,Christian,female
p618,Catherine,Estrada,female
p267,Tara,Stone,female
p292,Nicole,Dominguez,female
p612,Anna,Neal,female
p29,Adrienne,Palmer,female
p424,Brooke,Taylor,female
p244,Vanessa,Carter,female
p670,Crystal,Martin,female
p243,Jamie,Jones,female
p654,Barbara,Hernandez,female
p925,Sherry,Taylor,female
p426,Ashley,Riggs,female
p696,Andrea,Davis,female
p705,Valerie,Cooper,female
p30,Jennifer,Hale,female
p420,Nancy,Larson,female
p249,Tara,Cardenas,female
p505,Tara,Perez,female
p926,Laurie,Burton,female
p65,Sarah,May,female
p356,Elizabeth,Duncan,female
p232,Jill,Barnes,female
p240,Samantha,Heath,female
p439,Teresa,Herrera,female
p609,Heather,Mcpherson,female
p539,Samantha,Ramos,female
p771,Patricia,Mitchell,female
p70,Connie,Williams,female
p584,Kathleen,Lee,female
p121,Julie,English,female
p440,Ashley,Wheeler,female
p17,Kim,Norton,female
p684,Stephanie,Pittman,female
p329,Molly,Lowery,female
p122,Jennifer,Schmidt,female
p274,Beth,Singleton,female
p534,Samantha,Rodriguez,female
p194,Heather,Williams,female
p718,Brenda,Martinez,female
p630,Nancy,Foley,female
p354,Jenny,Herrera,female
p135,Jasmine,Keller,female
p271,Julie,Cooper,female
p729,Erin,Wells,female
p389,Elizabeth,Johnson,female
p472,Janet,Howard,female
p828,Colleen,Duke,female
p371,Brenda,Walker,female
p46,Lacey,Hart,female
p551,Krystal,Martinez,female
p138,Christina,Jackson,female
p842,Rachel,Campbell,female
p605,Patricia,Williams,female
p197,Gloria,White,female
p234,Sharon,Goodwin,female
p212,Janice,Knox,female
p208,Linda,Green,female
p720,Anne,Herrera,female
p199,Sherry,Jones,female
p167,Amy,Haley,female
p946,Jennifer,Perez,female
p514,Martha,Ramos,female
p402,Diana,Robinson,female
p660,Jenna,Cummings,female
p459,Emily,Gardner,female
p589,Madison,Gray,female
p373,Melissa,Campos,female
p591,Natalie,Williams,female
p470,Stephanie,Mckenzie,female
p401,Leah,Anderson,female
p225,Shelly,Bruce,female
p386,Laura,Stokes,female
p149,Sarah,Waters,female
p898,Pamela,Becker,female
p714,Kathleen,Stewart,female
p228,Melissa,Bowers,female
p726,Theresa,Hartman,female
p173,Cynthia,Grant,female
p110,Lauren,Hernandez,female
p446,Lori,Austin,female
p294,Kaitlin,Stewart,female
p750,Stacy,Woods,female
p567,Amanda,Chavez,female
p857,Erika,Smith,female
p445,Julia,Stafford,female
p599,Alicia,Henderson,female
p808,Alexa,Bean,female
p884,Jeanette,Ball,female
p428,Mariah,Williams,female
p689,Amanda,Martin,female
p378,Melissa,Carter,female
p11,Dana,Mccoy,female
p361,Tracy,Cohen,female
p50,Jill,Simpson,female
p722,Chelsea,Diaz,female
p179,Michelle,Watts,female
p241,Kristine,Ramirez,female
p795,Wendy,Campbell,female
p178,Catherine,Hines,female
p933,Christina,Chen,female
p231,Brittany,Johnson,female
p185,Michelle,Burgess,female
p279,Debra,Scott,female
p177,Lisa,Johnson,female
p659,Lisa,Reed,female
p573,Dominique,Mora,female
p346,Rhonda,Hunter,female
p32,Jenna,Mason,female
p840,Kimberly,Krueger,female
p313,Rhonda,Howard,female
p634,Angela,Sims,female
p481,Miranda,Miller,female
p846,Jamie,Lopez,female
p284,Heather,Bryan,female
p295,Tracey,Tran,female
p563,Sara,Mendez,female
p675,Samantha,Wright,female
p417,Kristie,Brown,female
p536,Michelle,Gomez,female
p564,Sarah,Daniels,female
p400,Brenda,Rice,female
p515,Dominique,Williams,female
p804,Leslie,Ballard,female
p524,Nicole,Galvan,female
p620,Lisa,Morales,female
p351,Sarah,Obrien,female
p202,Deborah,Thompson,female
p68,Kayla,Moore,female
p145,Wendy,Sutton,female
p813,Kimberly,Smith,female
p414,Cheryl,Mills,female
p143,Patricia,Morris,female
p152,Julie,Smith,female
p641,Christina,Maxwell,female
p710,Christina,Cervantes,female
p358,Allison,Decker,female
p82,Alyssa,Norton,female
p871,Margaret,Murphy,female
p538,Jessica,Patterson,female
p886,Rebekah,Gill,female
p517,Sharon,Montoya,female
p531,Jessica,Brown,female
p583,Sheri,Smith,female
p881,Jennifer,Fowler,female
p637,Kimberly,Mason,female
p45,Rachel,Oliver,female
p831,Christina,Wade,female
p490,Peggy,Bush,female
p759,Pamela,Rangel,female
p799,Mary,Wilson,female
p464,Kaitlin,Baker,female
p462,Heather,Jordan,female
p716,Kristin,Jenkins,female
p133,Morgan,Green,female
p238,Sara,Moore,female
p929,Samantha,Bullock,female
p590,Valerie,Murphy,female
p74,Alexandra,Bryan,female
p651,Jennifer,Huerta,female
p309,Donna,Thompson,female
p165,Courtney,Rice,female
p816,Traci,Murray,female
p777,Joy,Wilkinson,female
p735,Robin,Smith,female
p506,Kaitlyn,Grant,female
p556,Tina,Anderson,female
p836,Amber,Howard,female
p870,Jill,Robles,female
p44,Kimberly,Jenkins,female
p376,Bethany,Quinn,female
p153,Madison,Gregory,female
p91,Christine,Guzman,female
p443,Mia,Daniel,female
p323,Lisa,Vargas,female
p109,Sheri,Sanchez,female
p888,Rhonda,Frey,female
p486,Heather,Ford,female
p52,Taylor,Hicks,female
p610,Ashley,Fuentes,female
p683,Erika,Mckinney,female
p37,Amanda,Gibbs,female
p451,Julie,Singleton,female
p57,Erin,Collins,female
p580,Kathleen,Gonzales,female
p236,Anna,Martin,female
p546,Morgan,Browning,female
p945,Lisa,Hughes,female
p479,Sharon,Taylor,female
p499,Lauren,Moreno,female
p163,Maria,Leonard,female
p753,Tamara,Bell,female
p625,Brenda,Garcia,female
p237,Crystal,Perez,female
p257,Lauren,Holmes,female
p917,Felicia,Humphrey,female
p731,Erica,Wright,female
p147,Shannon,Brown,female
p628,Alyssa,Jones,female
p596,Sarah,Downs,female
p855,April,Flowers,female
p326,Nancy,Ross,female
p939,Gina,Williams,female
p418,Nancy,Chan,female
p814,Sarah,Sexton,female
p88,Martha,Logan,female
p788,Diamond,Patel,female
p343,Bethany,Daniels,female
p525,Janice,Hernandez,female
p168,Kristy,Harper,female
p229,Heather,Blackwell,female
p621,Suzanne,Anderson,female
p280,Linda,Moore,female
p574,Heather,Reynolds,female
p40,Susan,Rivera,female
p498,Brenda,Gonzalez,female
p98,Melinda,Jones,female
p189,Renee,Campos,female
p297,Katherine,Cook,female
p409,Rebecca,Guerra,female
p20,Amanda,Garza,female
p734,Shannon,Bennett,female
p887,Rebecca,Jones,female
p800,Julie,Hansen,female
p345,Kristina,Palmer,female
p432,Mary,May,female
p397,Samantha,Terry,female
p555,Kristina,Kelly,female
p865,Penny,Powell,female
p286,Susan,Clayton,female
p105,Danielle,Gonzalez,female
p10,Elizabeth,Hill,female
p646,Linda,Smith,female
p112,Christina,Alvarado,female
p475,Carrie,Wilson,female
p407,Kelly,Jones,female
p915,Savannah,Fischer,female
p457,Jessica,Schneider,female
p860,Kimberly,Shaw,female
p626,Julia,Parrish,female
p672,Pamela,Lopez,female
p922,Angela,Dawson,female
p523,Rachel,Li,female
p863,Morgan,Walker,female
p924,Emily,Vazquez,female
p169,Jackie,Garrett,female
p834,Theresa,Wolf,female
p83,Erika,Anderson,female
p850,Deborah,Manning,female
p643,Mallory,Robinson,female
p511,Jennifer,Rodriguez,female
p233,Debra,Walker,female
p247,Amy,Juarez,female
p809,Barbara,Gray,female
p22,April,Young,female
p550,Amber,Hernandez,female
p190,Gina,Wagner,female
p783,Michelle,Anderson,female
p19,Connie,Estrada,female
p541,Crystal,Austin,female
p711,Kimberly,Griffin,female
p364,Nicole,Mcknight,female
p307,Tamara,Short,female
p604,Catherine,Murphy,female
p921,Shelby,Mccarty,female
p778,Patricia,Mendoza,female
p151,Jessica,Small,female
p463,Carol,Allen,female
p187,Heather,Peters,female
p196,Monique,Rose,female
p27,Sydney,Cochran,female
p94,Rhonda,Romero,female
p624,Cheryl,Hunt,female
p359,Kelsey,Edwards,female
p906,Linda,Simpson,female
p300,Nancy,Morris,female
p843,Angela,Howard,female
p529,Cassandra,Brown,female
p527,Erica,Conrad,female
p7,Lisa,Gross,female
p181,Donna,Wilson,female
p579,Shannon,Charles,female
p905,Jill,Howard,female
p442,Kimberly,Snyder,female
p350,Hailey,Dunn,female
p830,Denise,Garcia,female
p321,Pamela,Oneal,female
p657,Peggy,Reed,female
p902,Kristina,Webb,female
p485,Kimberly,Green,female
p76,Heather,Mcbride,female
p335,Amy,Perkins,female
p137,Jessica,Murray,female
p935,Sonya,Wright,female
p436,Martha,Ross,female
p487,Jody,Mendez,female
p375,Christina,Klein,female
p118,Kathleen,Molina,female
p430,Casey,Travis,female
p465,Sandy,Graham,female
p594,Crystal,Clayton,female
p482,Susan,Dillon,female
p597,Renee,Bell,female
p950,Christine,Marshall,female
p413,Shannon,Mcdonald,female
p841,Connie,Wilcox,female
p102,Sarah,Nelson,female
p701,Suzanne,Gonzalez,female
p317,Shannon,Murillo,female
p698,Jennifer,Johnson,female
p113,Veronica,Matthews,female
p728,Rebecca,Ford,female
p713,Denise,Barajas,female
p468,Ashley,Diaz,female
p919,Lauren,Holland,female
p707,Julie,Pierce,female
p213,Hayley,Garcia,female
p467,Kathy,Stone,female
p647,Caitlyn,Brooks,female
p751,Tina,Chavez,female
p693,Anna,Collins,female
p39,Dominique,Paul,female
p904,Alyssa,Sandoval,female
p897,Melissa,Conner,female
p360,Chelsea,Morrison,female
p781,Jessica,Osborne,female
p12,Julia,Salazar,female
p8,Angela,Murray,female
p893,Jessica,Ramsey,female
p507,Rhonda,Haley,female
p180,Angela,Villa,female
p533,Karen,Salazar,female
p656,Elizabeth,Schaefer,female
p817,Sheila,Clark,female
p615,Gina,Perez,female
p557,Tamara,Guerra,female
p876,Summer,Kennedy,female
p261,Morgan,Krause,female
p769,Angela,Mclaughlin,female
p730,Monica,Fry,female
p861,Elizabeth,Lee,female
p493,Jennifer,Holland,female
p134,Sarah,Martinez,female
p263,Sandra,Harper,female
p899,Laura,Nguyen,female
p562,Jennifer,Marshall,female
p912,Veronica,Jones,female
p638,Patricia,Graham,female
p146,Mary,Mcdonald,female
p466,Jennifer,May,female
p193,Rachel,Taylor,female
p673,Cheryl,Henderson,female
p239,Anne,Williams,female
p114,Sheila,Villa,female
p206,Alexis,Kelley,female
p210,Jessica,Mcknight,female
p639,Ashley,Pearson,female
p873,Krista,Carter,female
p214,Mary,Keller,female
p755,Jennifer,Gutierrez,female
p469,Tracy,Brown,female
p914,Ms.,Stephanie,female
p547,Caroline,Nguyen,female
p681,Michelle,Andersen,female
p81,Terri,Brown,female
p833,Faith,Lane,female
p910,Alexis,Porter,female
p677,Evelyn,Kirby,female
p636,Leslie,Webster,female
p622,Candace,Perez,female
p489,Monica,Ortiz,female
p941,Nicole,Lewis,female
p126,Stephanie,Swanson,female
p384,Sharon,Edwards,female
p269,Amanda,Garza,female
p455,Tracy,Duncan,female
p614,Katie,Walsh,female
p588,Gabrielle,Sanders,female
p785,Cheyenne,Smith,female
p652,Carmen,Jones,female
p918,Katelyn,Perez,female
p749,Jean,Flowers,female
p776,Michelle,Cordova,female
p560,Stephanie,Schmitt,female
p807,Emily,Simon,female
p642,Anna,Taylor,female
p494,Courtney,Martinez,female
p829,Rhonda,Johnson,female
p521,Angela,Tran,female
p695,Veronica,Merritt,female
p866,Michele,Smith,female
p761,Jennifer,Williams,female
p66,Kimberly,Smith,female
p337,Kaitlin,Austin,female
p577,Tiffany,Barrett,female
p264,Donna,Calhoun,female
p270,Jenny,Wilson,female
p851,Pamela,Adkins,female
p223,Megan,Campos,female
p303,Meghan,Williamson,female
p709,Stacey,Harrell,female
p390,Alexis,Mcdaniel,female
p645,Angela,Fowler,female
p715,Mary,Irwin,female
p89,Victoria,Stewart,female
p928,Kendra,Miller,female
p374,Michele,Cruz,female
p341,Beth,Bauer,female
p290,Jacqueline,Nguyen,female
p382,April,Russell,female
p691,Rebecca,Thompson,female
p653,Laura,Summers,female
p123,Chelsea,Mccall,female
p680,Denise,Robinson,female
p484,Allison,Foley,female
p742,Carolyn,Decker,female
p889,Laura,Neal,female
p285,Dorothy,Sandoval,female
p775,Deanna,Burns,female
p59,Madison,Hubbard,female
p298,Brittany,Goodman,female
p301,Michelle,Melton,female
p398,Cathy,Mendez,female
p339,Robin,Ford,female
p62,Alexis,Martinez,female
p325,Rachel,Rice,female
p508,Debra,Johns,female
p544,Jessica,Levy,female
p53,Donna,Nguyen,female
p362,Sheri,Gilbert,female
p404,Theresa,Lambert,female
p690,Janet,Hardin,female
p454,Angela,Abbott,female
p164,Tracy,Green,female
p685,Kimberly,Wells,female
p219,Tammy,Martin,female
p909,Shelby,Washington,female
p171,Cynthia,Young,female
p760,Rebecca,Davis,female
d4,Cheryl,Morrison,female
d38,Crystal,Mendez,female
d34,Crystal,Rodriguez,female
d16,Amy,Garcia,female
d37,Denise,Swanson,female
d44,Lisa,Aguirre,female
d42,Laurie,Ellis,female
d49,Stephanie,Pennington,female
d50,Lindsay,Powers,female
d8,Cheryl,Burch,female
d23,Christine,Chavez,female
d33,Elizabeth,Galloway,female
d7,Courtney,Morales,female
d25,Natalie,Stephenson,female
d29,Katie,Garcia,female
d27,Natalie,Stevenson,female
d48,Janice,Butler,female
d26,Angela,Burke,female
d46,Diana,Young,female
d17,Hannah,Adams,female
d36,Eileen,Richards,female
d13,Kirsten,Hernandez,female
d35,Molly,Taylor,female
d45,Samantha,Gordon,female
d3,Ms.,Emily,female
d47,Katherine,Rodgers,female
d39,Morgan,Walsh,female
d32,Courtney,Ramirez,female
d28,Caroline,Ruiz,female
d19,Jodi,Gray,female
d22,Robin,Galloway,female
d20,Caitlyn,Williams,female
d5,Martha,Rodriguez,female
d15,Stephanie,Boyd,female
d18,Danielle,Welch,female
d11,Erika,Cochran,female
d6,Heather,Wright,female
d30,Patricia,Arroyo,female
d1,Anita,Smith,female
d10,Kristen,Blackwell,female
d2,Katelyn,Morris,female
d14,Diana,Cooper,female
d41,Brittany,Reed,female
d12,Mary,Reyes,female
d21,Beth,Yang,female
d9,Darlene,Robinson,female
d31,Kathryn,Mack,female
d24,Monica,Castillo,female
d40,Emily,Castro,female
d43,Christina,Burns,female
p951,John,Barney,male
d51,Nancy,Drew,female
